year,week,week_ending,deaths,mean_temperature,mortality_reference,temperature_reference
1840,1,1840-01-04,?,?,945,48.4
1840,2,1840-01-11,980,32,945,48.4
1840,3,1840-01-18,?,40,945,48.4
1840,4,1840-01-25,835,40,945,48.4
1840,5,1840-02-01,795,40.5,945,48.4
1840,6,1840-02-08,790,39.5,945,48.4
1840,7,1840-02-15,820,35,945,48.4
1840,8,1840-02-22,870,31,945,48.4
1840,9,1840-02-29,?,30.5,945,48.4
1840,10,1840-03-07,915,35,945,48.4
1840,11,1840-03-14,920,36,945,48.4
1840,12,1840-03-21,875,32,945,48.4
1840,13,1840-03-28,920,36,945,48.4
1840,14,1840-04-04,860,39,945,48.4
1840,15,1840-04-11,850,41.5,945,48.4
1840,16,1840-04-18,865,48,945,48.4
1840,17,1840-04-25,835,52.5,945,48.4
1840,18,1840-05-02,810,53.5,945,48.4
1840,19,1840-05-09,835,53.5,945,48.4
1840,20,1840-05-16,765,50,945,48.4
1840,21,1840-05-23,765,53,945,48.4
1840,22,1840-05-30,765,55.5,945,48.4
1840,23,1840-06-06,765,59,945,48.4
1840,24,1840-06-13,765,57,945,48.4
1840,25,1840-06-20,765,54,945,48.4
1840,26,1840-06-27,800,57,945,48.4
1840,27,1840-07-04,810,55,945,48.4
1840,28,1840-07-11,825,54.5,945,48.4
1840,29,1840-07-18,830,55,945,48.4
1840,30,1840-07-25,805,56.5,945,48.4
1840,31,1840-08-01,810,60.5,945,48.4
1840,32,1840-08-08,840,61,945,48.4
1840,33,1840-08-15,850,59,945,48.4
1840,34,1840-08-22,820,59,945,48.4
1840,35,1840-08-29,815,60,945,48.4
1840,36,1840-09-05,830,57.5,945,48.4
1840,37,1840-09-12,820,50.5,945,48.4
1840,38,1840-09-19,820,?,945,48.4
1840,39,1840-09-26,835,?,945,48.4
1840,40,1840-10-03,795,?,945,48.4
1840,41,1840-10-10,800,43,945,48.4
1840,42,1840-10-17,825,?,945,48.4
1840,43,1840-10-24,825,43.5,945,48.4
1840,44,1840-10-31,885,43,945,48.4
1840,45,1840-11-07,905,45,945,48.4
1840,46,1840-11-14,865,43,945,48.4
1840,47,1840-11-21,860,37,945,48.4
1840,48,1840-11-28,?,36,945,48.4
1840,49,1840-12-05,965,35.5,945,48.4
1840,50,1840-12-12,1005,30,945,48.4
1840,51,1840-12-19,?,26,945,48.4
1840,52,1840-12-26,1070,26,945,48.4
1841,1,1841-01-02,?,?,945,48.4
1841,2,1841-01-09,?,28.5,945,48.4
1841,3,1841-01-16,1130,34,945,48.4
1841,4,1841-01-23,1105,35.5,945,48.4
1841,5,1841-01-30,995,26,945,48.4
1841,6,1841-02-06,1005,28,945,48.4
1841,7,1841-02-13,1065,40,945,48.4
1841,8,1841-02-20,1035,37,945,48.4
1841,9,1841-02-27,1045,37,945,48.4
1841,10,1841-03-06,1040,43,945,48.4
1841,11,1841-03-13,1010,?,945,48.4
1841,12,1841-03-20,895,?,945,48.4
1841,13,1841-03-27,850,43,945,48.4
1841,14,1841-04-03,795,41,945,48.4
1841,15,1841-04-10,785,39,945,48.4
1841,16,1841-04-17,855,40,945,48.4
1841,17,1841-04-24,885,51,945,48.4
1841,18,1841-05-01,810,51.5,945,48.4
1841,19,1841-05-08,765,51.5,945,48.4
1841,20,1841-05-15,765,50.5,945,48.4
1841,21,1841-05-22,765,55,945,48.4
1841,22,1841-05-29,765,59,945,48.4
1841,23,1841-06-05,765,52,945,48.4
1841,24,1841-06-12,765,52,945,48.4
1841,25,1841-06-19,765,53,945,48.4
1841,26,1841-06-26,765,54,945,48.4
1841,27,1841-07-03,765,54,945,48.4
1841,28,1841-07-10,765,53,945,48.4
1841,29,1841-07-17,765,51,945,48.4
1841,30,1841-07-24,765,52,945,48.4
1841,31,1841-07-31,765,54,945,48.4
1841,32,1841-08-07,765,56,945,48.4
1841,33,1841-08-14,770,56,945,48.4
1841,34,1841-08-21,765,59,945,48.4
1841,35,1841-08-28,765,57.5,945,48.4
1841,36,1841-09-04,780,56,945,48.4
1841,37,1841-09-11,840,55,945,48.4
1841,38,1841-09-18,840,59.5,945,48.4
1841,39,1841-09-25,840,55,945,48.4
1841,40,1841-10-02,835,53.5,945,48.4
1841,41,1841-10-09,800,50,945,48.4
1841,42,1841-10-16,785,50,945,48.4
1841,43,1841-10-23,765,44,945,48.4
1841,44,1841-10-30,785,44,945,48.4
1841,45,1841-11-06,805,43,945,48.4
1841,46,1841-11-13,800,38,945,48.4
1841,47,1841-11-20,815,36,945,48.4
1841,48,1841-11-27,855,43,945,48.4
1841,49,1841-12-04,805,45,945,48.4
1841,50,1841-12-11,780,41,945,48.4
1841,51,1841-12-18,785,35,945,48.4
1841,52,1841-12-25,850,34.5,945,48.4
1842,1,1842-01-01,?,?,960,48.4
1842,2,1842-01-08,1005,30,960,48.4
1842,3,1842-01-15,1060,30,960,48.4
1842,4,1842-01-22,1100,31.5,960,48.4
1842,5,1842-01-29,1045,35,960,48.4
1842,6,1842-02-05,1025,39,960,48.4
1842,7,1842-02-12,940,36.5,960,48.4
1842,8,1842-02-19,925,35.5,960,48.4
1842,9,1842-02-26,945,40.5,960,48.4
1842,10,1842-03-05,905,40.5,960,48.4
1842,11,1842-03-12,790,41,960,48.4
1842,12,1842-03-19,765,36,960,48.4
1842,13,1842-03-26,780,39.5,960,48.4
1842,14,1842-04-02,775,35.5,960,48.4
1842,15,1842-04-09,775,35,960,48.4
1842,16,1842-04-16,780,38,960,48.4
1842,17,1842-04-23,765,47,960,48.4
1842,18,1842-04-30,765,48,960,48.4
1842,19,1842-05-07,765,47,960,48.4
1842,20,1842-05-14,765,47,960,48.4
1842,21,1842-05-21,775,48.5,960,48.4
1842,22,1842-05-28,765,54,960,48.4
1842,23,1842-06-04,765,60,960,48.4
1842,24,1842-06-11,765,61,960,48.4
1842,25,1842-06-18,765,59,960,48.4
1842,26,1842-06-25,765,57.5,960,48.4
1842,27,1842-07-02,765,56.5,960,48.4
1842,28,1842-07-09,765,56.5,960,48.4
1842,29,1842-07-16,765,59.5,960,48.4
1842,30,1842-07-23,765,57,960,48.4
1842,31,1842-07-30,860,58.5,960,48.4
1842,32,1842-08-06,855,62.5,960,48.4
1842,33,1842-08-13,865,64,960,48.4
1842,34,1842-08-20,905,65,960,48.4
1842,35,1842-08-27,840,62,960,48.4
1842,36,1842-09-03,820,61,960,48.4
1842,37,1842-09-10,830,57,960,48.4
1842,38,1842-09-17,795,56,960,48.4
1842,39,1842-09-24,800,51.5,960,48.4
1842,40,1842-10-01,870,50,960,48.4
1842,41,1842-10-08,820,?,960,48.4
1842,42,1842-10-15,820,46.5,960,48.4
1842,43,1842-10-22,880,42,960,48.4
1842,44,1842-10-29,?,41,960,48.4
1842,45,1842-11-05,945,43,960,48.4
1842,46,1842-11-12,910,42.5,960,48.4
1842,47,1842-11-19,860,41,960,48.4
1842,48,1842-11-26,860,44,960,48.4
1842,49,1842-12-03,835,39,960,48.4
1842,50,1842-12-10,900,45.5,960,48.4
1842,51,1842-12-17,860,43,960,48.4
1842,52,1842-12-24,915,40,960,48.4
1843,1,1843-01-07,?,?,990,48.4
1843,2,1843-01-14,890,32.5,990,48.4
1843,3,1843-01-21,950,34,990,48.4
1843,4,1843-01-28,960,37,990,48.4
1843,5,1843-02-04,890,43,990,48.4
1843,6,1843-02-11,805,37,990,48.4
1843,7,1843-02-18,875,31,990,48.4
1843,8,1843-02-25,940,31,990,48.4
1843,9,1843-03-04,1025,34,990,48.4
1843,10,1843-03-11,1040,33,990,48.4
1843,11,1843-03-18,1030,36,990,48.4
1843,12,1843-03-25,?,?,990,48.4
1843,13,1843-04-01,970,43.5,990,48.4
1843,14,1843-04-08,880,48.5,990,48.4
1843,15,1843-04-15,815,38.5,990,48.4
1843,16,1843-04-22,880,?,990,48.4
1843,17,1843-04-29,915,?,990,48.4
1843,18,1843-05-06,880,50,990,48.4
1843,19,1843-05-13,870,49,990,48.4
1843,20,1843-05-20,865,49.5,990,48.4
1843,21,1843-05-27,850,53,990,48.4
1843,22,1843-06-03,855,53,990,48.4
1843,23,1843-06-10,855,52,990,48.4
1843,24,1843-06-17,905,53,990,48.4
1843,25,1843-06-24,905,55,990,48.4
1843,26,1843-07-01,850,54,990,48.4
1843,27,1843-07-08,810,60,990,48.4
1843,28,1843-07-15,765,60,990,48.4
1843,29,1843-07-22,765,59.5,990,48.4
1843,30,1843-07-29,765,56.5,990,48.4
1843,31,1843-08-05,770,55.5,990,48.4
1843,32,1843-08-12,785,57.5,990,48.4
1843,33,1843-08-19,770,62,990,48.4
1843,34,1843-08-26,800,58.5,990,48.4
1843,35,1843-09-02,860,60,990,48.4
1843,36,1843-09-09,875,61,990,48.4
1843,37,1843-09-16,880,59.5,990,48.4
1843,38,1843-09-23,925,60,990,48.4
1843,39,1843-09-30,1010,55,990,48.4
1843,40,1843-10-07,1045,51.5,990,48.4
1843,41,1843-10-14,?,52,990,48.4
1843,42,1843-10-21,995,41,990,48.4
1843,43,1843-10-28,1090,38,990,48.4
1843,44,1843-11-04,1065,?,990,48.4
1843,45,1843-11-11,1025,?,990,48.4
1843,46,1843-11-18,1090,39,990,48.4
1843,47,1843-11-25,1200,36.5,990,48.4
1843,48,1843-12-02,1120,?,990,48.4
1843,49,1843-12-09,1035,?,990,48.4
1843,50,1843-12-16,?,41.5,990,48.4
1843,51,1843-12-23,950,40,990,48.4
1843,52,1843-12-30,?,42,990,48.4
1844,1,1844-01-06,?,?,1020,48.4
1844,2,1844-01-13,875,32,1020,48.4
1844,3,1844-01-20,930,31,1020,48.4
1844,4,1844-01-27,985,31.5,1020,48.4
1844,5,1844-02-03,995,32,1020,48.4
1844,6,1844-02-10,1030,30,1020,48.4
1844,7,1844-02-17,1050,28,1020,48.4
1844,8,1844-02-24,1090,28,1020,48.4
1844,9,1844-03-02,1060,30,1020,48.4
1844,10,1844-03-09,1025,33,1020,48.4
1844,11,1844-03-16,1005,33,1020,48.4
1844,12,1844-03-23,?,35.5,1020,48.4
1844,13,1844-03-30,?,36,1020,48.4
1844,14,1844-04-06,1050,41,1020,48.4
1844,15,1844-04-13,900,47,1020,48.4
1844,16,1844-04-20,850,48,1020,48.4
1844,17,1844-04-27,845,50.5,1020,48.4
1844,18,1844-05-04,890,54,1020,48.4
1844,19,1844-05-11,865,52,1020,48.4
1844,20,1844-05-18,830,56,1020,48.4
1844,21,1844-05-25,880,52,1020,48.4
1844,22,1844-06-01,905,53,1020,48.4
1844,23,1844-06-08,915,55,1020,48.4
1844,24,1844-06-15,900,62,1020,48.4
1844,25,1844-06-22,900,63,1020,48.4
1844,26,1844-06-29,960,62,1020,48.4
1844,27,1844-07-06,920,62,1020,48.4
1844,28,1844-07-13,860,62,1020,48.4
1844,29,1844-07-20,880,61,1020,48.4
1844,30,1844-07-27,1005,65.5,1020,48.4
1844,31,1844-08-03,1090,62,1020,48.4
1844,32,1844-08-10,955,59.5,1020,48.4
1844,33,1844-08-17,940,59,1020,48.4
1844,34,1844-08-24,930,59,1020,48.4
1844,35,1844-08-31,800,57,1020,48.4
1844,36,1844-09-07,875,63,1020,48.4
1844,37,1844-09-14,850,58,1020,48.4
1844,38,1844-09-21,845,55,1020,48.4
1844,39,1844-09-28,920,51.5,1020,48.4
1844,40,1844-10-05,955,52.5,1020,48.4
1844,41,1844-10-12,?,48,1020,48.4
1844,42,1844-10-19,880,?,1020,48.4
1844,43,1844-10-26,905,41,1020,48.4
1844,44,1844-11-02,935,39,1020,48.4
1844,45,1844-11-09,955,38.5,1020,48.4
1844,46,1844-11-16,1025,?,1020,48.4
1844,47,1844-11-23,885,38,1020,48.4
1844,48,1844-11-30,1000,30,1020,48.4
1844,49,1844-12-07,?,26,1020,48.4
1844,50,1844-12-14,1055,26,1020,48.4
1844,51,1844-12-21,?,26.5,1020,48.4
1844,52,1844-12-28,?,27,1020,48.4
1845,1,1845-01-04,?,?,1025,48.4
1845,2,1845-01-11,1180,32.5,1025,48.4
1845,3,1845-01-18,1015,35,1025,48.4
1845,4,1845-01-25,?,34,1025,48.4
1845,5,1845-02-01,?,32,1025,48.4
1845,6,1845-02-08,?,28,1025,48.4
1845,7,1845-02-15,1000,28,1025,48.4
1845,8,1845-02-22,1075,26,1025,48.4
1845,9,1845-03-01,1085,27,1025,48.4
1845,10,1845-03-08,1110,31,1025,48.4
1845,11,1845-03-15,1095,27.5,1025,48.4
1845,12,1845-03-22,1085,26.5,1025,48.4
1845,13,1845-03-29,1175,29,1025,48.4
1845,14,1845-04-05,1080,42,1025,48.4
1845,15,1845-04-12,935,42,1025,48.4
1845,16,1845-04-19,915,40,1025,48.4
1845,17,1845-04-26,915,?,1025,48.4
1845,18,1845-05-03,900,51.5,1025,48.4
1845,19,1845-05-10,855,51,1025,48.4
1845,20,1845-05-17,835,?,1025,48.4
1845,21,1845-05-24,825,50,1025,48.4
1845,22,1845-05-31,860,50,1025,48.4
1845,23,1845-06-07,860,56,1025,48.4
1845,24,1845-06-14,850,63,1025,48.4
1845,25,1845-06-21,825,63,1025,48.4
1845,26,1845-06-28,820,60,1025,48.4
1845,27,1845-07-05,810,60.5,1025,48.4
1845,28,1845-07-12,785,61,1025,48.4
1845,29,1845-07-19,830,59.5,1025,48.4
1845,30,1845-07-26,870,60,1025,48.4
1845,31,1845-08-02,825,57,1025,48.4
1845,32,1845-08-09,885,58.5,1025,48.4
1845,33,1845-08-16,855,55,1025,48.4
1845,34,1845-08-23,840,55,1025,48.4
1845,35,1845-08-30,825,56,1025,48.4
1845,36,1845-09-06,765,53.5,1025,48.4
1845,37,1845-09-13,805,55,1025,48.4
1845,38,1845-09-20,765,54,1025,48.4
1845,39,1845-09-27,805,49,1025,48.4
1845,40,1845-10-04,805,52.5,1025,48.4
1845,41,1845-10-11,765,?,1025,48.4
1845,42,1845-10-18,765,48.5,1025,48.4
1845,43,1845-10-25,765,?,1025,48.4
1845,44,1845-11-01,855,?,1025,48.4
1845,45,1845-11-08,905,?,1025,48.4
1845,46,1845-11-15,895,39,1025,48.4
1845,47,1845-11-22,865,39,1025,48.4
1845,48,1845-11-29,880,38,1025,48.4
1845,49,1845-12-06,910,36,1025,48.4
1845,50,1845-12-13,915,33,1025,48.4
1845,51,1845-12-20,920,35,1025,48.4
1845,52,1845-12-27,885,35,1025,48.4
1846,1,1846-01-03,?,?,1020,48.4
1846,2,1846-01-10,?,35.5,1020,48.4
1846,3,1846-01-17,?,35,1020,48.4
1846,4,1846-01-24,930,39,1020,48.4
1846,5,1846-01-31,880,?,1020,48.4
1846,6,1846-02-07,885,42,1020,48.4
1846,7,1846-02-14,885,36.5,1020,48.4
1846,8,1846-02-21,905,34,1020,48.4
1846,9,1846-02-28,915,42,1020,48.4
1846,10,1846-03-07,880,50,1020,48.4
1846,11,1846-03-14,860,?,1020,48.4
1846,12,1846-03-21,890,40.5,1020,48.4
1846,13,1846-03-28,920,37,1020,48.4
1846,14,1846-04-04,1045,41.5,1020,48.4
1846,15,1846-04-11,910,43,1020,48.4
1846,16,1846-04-18,915,?,1020,48.4
1846,17,1846-04-25,885,?,1020,48.4
1846,18,1846-05-02,840,?,1020,48.4
1846,19,1846-05-09,835,55,1020,48.4
1846,20,1846-05-16,835,53.5,1020,48.4
1846,21,1846-05-23,855,54,1020,48.4
1846,22,1846-05-30,845,57,1020,48.4
1846,23,1846-06-06,830,63,1020,48.4
1846,24,1846-06-13,825,65.5,1020,48.4
1846,25,1846-06-20,810,69,1020,48.4
1846,26,1846-06-27,865,63,1020,48.4
1846,27,1846-07-04,955,63.5,1020,48.4
1846,28,1846-07-11,920,60.5,1020,48.4
1846,29,1846-07-18,1005,63,1020,48.4
1846,30,1846-07-25,?,62,1020,48.4
1846,31,1846-08-01,1070,67.5,1020,48.4
1846,32,1846-08-08,1110,65.5,1020,48.4
1846,33,1846-08-15,960,61,1020,48.4
1846,34,1846-08-22,890,59,1020,48.4
1846,35,1846-08-29,870,60.5,1020,48.4
1846,36,1846-09-05,855,60,1020,48.4
1846,37,1846-09-12,905,61,1020,48.4
1846,38,1846-09-19,820,58,1020,48.4
1846,39,1846-09-26,770,57,1020,48.4
1846,40,1846-10-03,850,51,1020,48.4
1846,41,1846-10-10,865,53,1020,48.4
1846,42,1846-10-17,790,49,1020,48.4
1846,43,1846-10-24,815,46,1020,48.4
1846,44,1846-10-31,895,40,1020,48.4
1846,45,1846-11-07,920,42,1020,48.4
1846,46,1846-11-14,885,41,1020,48.4
1846,47,1846-11-21,900,42,1020,48.4
1846,48,1846-11-28,905,40.5,1020,48.4
1846,49,1846-12-05,945,31,1020,48.4
1846,50,1846-12-12,1075,28,1020,48.4
1846,51,1846-12-19,1165,26,1020,48.4
1846,52,1846-12-26,1220,26,1020,48.4
1847,1,1847-01-02,1020,28,1040,48.4
1847,2,1847-01-09,1305,26,1040,48.4
1847,3,1847-01-16,1215,26,1040,48.4
1847,4,1847-01-23,?,28.5,1040,48.4
1847,5,1847-01-30,?,29,1040,48.4
1847,6,1847-02-06,?,23,1040,48.4
1847,7,1847-02-13,?,17,1040,48.4
1847,8,1847-02-20,?,44,1040,48.4
1847,9,1847-02-27,?,34,1040,48.4
1847,10,1847-03-06,?,37,1040,48.4
1847,11,1847-03-13,?,33.5,1040,48.4
1847,12,1847-03-20,?,48,1040,48.4
1847,13,1847-03-27,?,43,1040,48.4
1847,14,1847-04-03,955,27,1040,48.4
1847,15,1847-04-10,945,46,1040,48.4
1847,16,1847-04-17,?,31,1040,48.4
1847,17,1847-04-24,920,37,1040,48.4
1847,18,1847-05-01,925,36,1040,48.4
1847,19,1847-05-08,935,38.5,1040,48.4
1847,20,1847-05-15,940,43.5,1040,48.4
1847,21,1847-05-22,945,49,1040,48.4
1847,22,1847-05-29,905,54,1040,48.4
1847,23,1847-06-05,940,59,1040,48.4
1847,24,1847-06-12,795,61,1040,48.4
1847,25,1847-06-19,845,57,1040,48.4
1847,26,1847-06-26,955,55,1040,48.4
1847,27,1847-07-03,950,57.5,1040,48.4
1847,28,1847-07-10,945,62,1040,48.4
1847,29,1847-07-17,910,68,1040,48.4
1847,30,1847-07-24,970,73,1040,48.4
1847,31,1847-07-31,965,67,1040,48.4
1847,32,1847-08-07,1020,68.5,1040,48.4
1847,33,1847-08-14,?,67.5,1040,48.4
1847,34,1847-08-21,?,?,1040,48.4
1847,35,1847-08-28,?,67,1040,48.4
1847,36,1847-09-04,1130,64,1040,48.4
1847,37,1847-09-11,?,59.5,1040,48.4
1847,38,1847-09-18,1175,58.5,1040,48.4
1847,39,1847-09-25,1115,58.5,1040,48.4
1847,40,1847-10-02,1180,56,1040,48.4
1847,41,1847-10-09,1065,56.5,1040,48.4
1847,42,1847-10-16,990,?,1040,48.4
1847,43,1847-10-23,985,54,1040,48.4
1847,44,1847-10-30,970,52,1040,48.4
1847,45,1847-11-06,?,51,1040,48.4
1847,46,1847-11-13,1095,40,1040,48.4
1847,47,1847-11-20,1120,44,1040,48.4
1847,48,1847-11-27,1420,?,1040,48.4
1847,49,1847-12-04,1410,42.5,1040,48.4
1847,50,1847-12-11,1535,?,1040,48.4
1847,51,1847-12-18,1515,28,1040,48.4
1847,52,1847-12-25,1250,?,1040,48.4
1848,1,1848-01-01,?,29,1055,48.4
1848,2,1848-01-08,?,26,1055,48.4
1848,3,1848-01-15,?,26,1055,48.4
1848,4,1848-01-22,?,26,1055,48.4
1848,5,1848-01-29,?,?,1055,48.4
1848,6,1848-02-05,?,32,1055,48.4
1848,7,1848-02-12,?,35,1055,48.4
1848,8,1848-02-19,?,33,1055,48.4
1848,9,1848-02-26,1065,37,1055,48.4
1848,10,1848-03-04,1045,35.5,1055,48.4
1848,11,1848-03-11,1030,34.5,1055,48.4
1848,12,1848-03-18,1065,33,1055,48.4
1848,13,1848-03-25,1070,37,1055,48.4
1848,14,1848-04-01,1185,45,1055,48.4
1848,15,1848-04-08,1000,48,1055,48.4
1848,16,1848-04-15,1035,?,1055,48.4
1848,17,1848-04-22,990,42,1055,48.4
1848,18,1848-04-29,980,44,1055,48.4
1848,19,1848-05-06,1030,52,1055,48.4
1848,20,1848-05-13,1040,62.5,1055,48.4
1848,21,1848-05-20,995,62,1055,48.4
1848,22,1848-05-27,985,60,1055,48.4
1848,23,1848-06-03,950,57.5,1055,48.4
1848,24,1848-06-10,985,60,1055,48.4
1848,25,1848-06-17,1005,63,1055,48.4
1848,26,1848-06-24,1000,61.5,1055,48.4
1848,27,1848-07-01,1070,62,1055,48.4
1848,28,1848-07-08,985,66,1055,48.4
1848,29,1848-07-15,1030,66.5,1055,48.4
1848,30,1848-07-22,1210,64,1055,48.4
1848,31,1848-07-29,?,62,1055,48.4
1848,32,1848-08-05,?,59.5,1055,48.4
1848,33,1848-08-12,1040,60.5,1055,48.4
1848,34,1848-08-19,980,59.5,1055,48.4
1848,35,1848-08-26,1000,62,1055,48.4
1848,36,1848-09-02,1030,62.5,1055,48.4
1848,37,1848-09-09,945,54,1055,48.4
1848,38,1848-09-16,1025,56,1055,48.4
1848,39,1848-09-23,1225,57.5,1055,48.4
1848,40,1848-09-30,985,57,1055,48.4
1848,41,1848-10-07,970,?,1055,48.4
1848,42,1848-10-14,960,47,1055,48.4
1848,43,1848-10-21,1080,41.5,1055,48.4
1848,44,1848-10-28,1090,36,1055,48.4
1848,45,1848-11-04,1120,36.5,1055,48.4
1848,46,1848-11-11,1135,38,1055,48.4
1848,47,1848-11-18,1165,40,1055,48.4
1848,48,1848-11-25,1070,?,1055,48.4
1848,49,1848-12-02,1075,43,1055,48.4
1848,50,1848-12-09,?,37,1055,48.4
1848,51,1848-12-16,?,29.5,1055,48.4
1848,52,1848-12-23,?,37.5,1055,48.4
1849,1,1849-01-06,?,32,1105,48.4
1849,2,1849-01-13,?,42,1105,48.4
1849,3,1849-01-20,?,47,1105,48.4
1849,4,1849-01-27,?,46,1105,48.4
1849,5,1849-02-03,?,41,1105,48.4
1849,6,1849-02-10,?,45,1105,48.4
1849,7,1849-02-17,?,41,1105,48.4
1849,8,1849-02-24,?,46,1105,48.4
1849,9,1849-03-03,?,43,1105,48.4
1849,10,1849-03-10,?,44,1105,48.4
1849,11,1849-03-17,?,46,1105,48.4
1849,12,1849-03-24,?,40,1105,48.4
1849,13,1849-03-31,?,40,1105,48.4
1849,14,1849-04-07,?,45,1105,48.4
1849,15,1849-04-14,1150,36,1105,48.4
1849,16,1849-04-21,1000,36,1105,48.4
1849,17,1849-04-28,?,35,1105,48.4
1849,18,1849-05-05,?,55,1105,48.4
1849,19,1849-05-12,1090,42.5,1105,48.4
1849,20,1849-05-19,1035,56,1105,48.4
1849,21,1849-05-26,?,58,1105,48.4
1849,22,1849-06-02,?,61,1105,48.4
1849,23,1849-06-09,?,57,1105,48.4
1849,24,1849-06-16,?,53,1105,48.4
1849,25,1849-06-23,?,58,1105,48.4
1849,26,1849-06-30,?,61,1105,48.4
1849,27,1849-07-07,?,62,1105,48.4
1849,28,1849-07-14,?,66,1105,48.4
1849,29,1849-07-21,?,60,1105,48.4
1849,30,1849-07-28,?,58,1105,48.4
1849,31,1849-08-04,?,60,1105,48.4
1849,32,1849-08-11,?,66,1105,48.4
1849,33,1849-08-18,?,58,1105,48.4
1849,34,1849-08-25,?,62,1105,48.4
1849,35,1849-09-01,?,64,1105,48.4
1849,36,1849-09-08,?,64,1105,48.4
1849,37,1849-09-15,1930,56,1105,48.4
1849,38,1849-09-22,1840,52,1105,48.4
1849,39,1849-09-29,1410,50,1105,48.4
1849,40,1849-10-06,1120,52,1105,48.4
1849,41,1849-10-13,965,49.5,1105,48.4
1849,42,1849-10-20,810,44,1105,48.4
1849,43,1849-10-27,?,56,1105,48.4
1849,44,1849-11-03,?,52,1105,48.4
1849,45,1849-11-10,?,51,1105,48.4
1849,46,1849-11-17,?,46.5,1105,48.4
1849,47,1849-11-24,?,44,1105,48.4
1849,48,1849-12-01,?,35,1105,48.4
1849,49,1849-12-08,?,42,1105,48.4
1849,50,1849-12-15,?,41,1105,48.4
1849,51,1849-12-22,?,42,1105,48.4
1849,52,1849-12-29,?,34,1105,48.4
1850,1,1850-01-05,?,34,1095,48.4
1850,2,1850-01-12,1115,32,1095,48.4
1850,3,1850-01-19,1115,28.5,1095,48.4
1850,4,1850-01-26,1125,31,1095,48.4
1850,5,1850-02-02,1070,34.5,1095,48.4
1850,6,1850-02-09,1065,42.5,1095,48.4
1850,7,1850-02-16,980,45,1095,48.4
1850,8,1850-02-23,960,45.5,1095,48.4
1850,9,1850-03-02,940,46.5,1095,48.4
1850,10,1850-03-09,915,43,1095,48.4
1850,11,1850-03-16,935,42,1095,48.4
1850,12,1850-03-23,1035,40,1095,48.4
1850,13,1850-03-30,?,37,1095,48.4
1850,14,1850-04-06,1190,36.5,1095,48.4
1850,15,1850-04-13,1005,52,1095,48.4
1850,16,1850-04-20,905,52,1095,48.4
1850,17,1850-04-27,845,?,1095,48.4
1850,18,1850-05-04,835,47,1095,48.4
1850,19,1850-05-11,850,47,1095,48.4
1850,20,1850-05-18,875,50.5,1095,48.4
1850,21,1850-05-25,870,55,1095,48.4
1850,22,1850-06-01,765,57,1095,48.4
1850,23,1850-06-08,805,57.5,1095,48.4
1850,24,1850-06-15,805,57,1095,48.4
1850,25,1850-06-22,775,59.5,1095,48.4
1850,26,1850-06-29,825,62,1095,48.4
1850,27,1850-07-06,785,59,1095,48.4
1850,28,1850-07-13,765,57,1095,48.4
1850,29,1850-07-20,805,63,1095,48.4
1850,30,1850-07-27,855,61.5,1095,48.4
1850,31,1850-08-03,885,60,1095,48.4
1850,32,1850-08-10,935,61,1095,48.4
1850,33,1850-08-17,875,62,1095,48.4
1850,34,1850-08-24,870,57.5,1095,48.4
1850,35,1850-08-31,870,54,1095,48.4
1850,36,1850-09-07,865,54,1095,48.4
1850,37,1850-09-14,905,53.5,1095,48.4
1850,38,1850-09-21,870,55,1095,48.4
1850,39,1850-09-28,885,55.5,1095,48.4
1850,40,1850-10-05,915,53,1095,48.4
1850,41,1850-10-12,850,49,1095,48.4
1850,42,1850-10-19,835,47,1095,48.4
1850,43,1850-10-26,840,44,1095,48.4
1850,44,1850-11-02,860,41.5,1095,48.4
1850,45,1850-11-09,935,?,1095,48.4
1850,46,1850-11-16,915,?,1095,48.4
1850,47,1850-11-23,905,44,1095,48.4
1850,48,1850-11-30,945,43,1095,48.4
1850,49,1850-12-07,855,40,1095,48.4
1850,50,1850-12-14,1000,40,1095,48.4
1850,51,1850-12-21,1120,38,1095,48.4
1850,52,1850-12-28,1175,37,1095,48.4